{ "height":20,
 "infinite":false,
 "layers":[
        {
         "data":[34, 34, 34, 34, 34, 34, 34, 34, 34, 34, 34, 34, 34, 34, 34, 34, 34, 34, 34, 34, 34, 34, 34, 34, 34, 34, 34, 34, 34, 34, 34, 34, 34, 34, 34, 34, 34, 34, 34, 34, 34, 34, 34, 34, 34, 34, 34, 34, 34, 34, 34, 34, 34, 34, 34, 34, 34, 34, 34, 34, 34, 34, 36, 36, 34, 34, 34, 34, 34, 34, 34, 34, 34, 34, 34, 34, 34, 34, 34, 34, 34, 34, 34, 36, 36, 36, 36, 36, 34, 34, 34, 34, 36, 36, 34, 34, 34, 34, 34, 34, 34, 34, 34, 36, 36, 34, 34, 34, 34, 34, 34, 34, 34, 36, 36, 36, 36, 36, 34, 34, 34, 34, 36, 36, 34, 34, 34, 34, 34, 34, 34, 34, 34, 36, 36, 34, 34, 34, 36, 36, 36, 34, 34, 36, 36, 36, 36, 36, 34, 34, 34, 34, 36, 36, 34, 34, 34, 36, 36, 34, 34, 34, 34, 36, 36, 34, 34, 34, 36, 36, 36, 34, 34, 36, 36, 36, 36, 36, 34, 34, 34, 34, 36, 36, 34, 34, 34, 36, 36, 34, 34, 34, 34, 36, 36, 34, 34, 34, 36, 36, 36, 34, 34, 36, 36, 36, 36, 36, 34, 34, 34, 34, 36, 36, 34, 34, 34, 36, 36, 34, 34, 34, 34, 36, 36, 34, 34, 34, 34, 36, 36, 34, 34, 36, 36, 36, 36, 36, 34, 34, 34, 34, 36, 36, 36, 36, 36, 36, 36, 36, 36, 36, 36, 36, 36, 36, 36, 36, 36, 36, 36, 36, 36, 36, 36, 36, 36, 36, 34, 34, 34, 34, 36, 36, 36, 36, 36, 36, 36, 36, 36, 36, 36, 36, 36, 36, 36, 36, 36, 36, 36, 36, 36, 36, 36, 36, 36, 36, 34, 34, 34, 34, 34, 36, 36, 34, 34, 34, 34, 34, 36, 36, 34, 34, 34, 34, 34, 36, 36, 34, 34, 34, 34, 36, 36, 34, 34, 34, 34, 34, 34, 34, 34, 36, 36, 34, 34, 34, 36, 36, 36, 36, 36, 34, 34, 34, 34, 36, 36, 34, 34, 34, 34, 36, 36, 36, 34, 34, 34, 34, 34, 34, 34, 36, 36, 34, 34, 34, 36, 36, 36, 36, 36, 34, 34, 34, 34, 36, 36, 34, 34, 34, 34, 36, 36, 36, 34, 34, 34, 34, 34, 34, 34, 36, 36, 34, 34, 34, 36, 36, 34, 36, 36, 34, 34, 34, 34, 36, 36, 34, 34, 34, 34, 36, 36, 36, 36, 36, 34, 34, 34, 34, 34, 36, 36, 34, 34, 34, 36, 36, 34, 36, 36, 34, 34, 34, 34, 36, 36, 34, 34, 34, 34, 36, 36, 36, 36, 36, 34, 34, 34, 34, 34, 36, 36, 34, 34, 34, 36, 36, 34, 36, 36, 34, 34, 34, 34, 36, 36, 34, 34, 34, 34, 36, 36, 36, 36, 36, 34, 34, 34, 34, 34, 36, 36, 34, 34, 34, 36, 36, 34, 36, 36, 34, 34, 34, 34, 36, 36, 34, 34, 34, 34, 34, 34, 36, 36, 36, 34, 34, 34, 34, 34, 36, 36, 34, 34, 34, 36, 36, 34, 36, 36, 34, 34, 34, 34, 36, 36, 34, 34, 34, 34, 34, 34, 36, 36, 36, 34, 34, 34, 34, 34, 34, 34, 34, 34, 34, 34, 34, 34, 34, 34, 34, 34, 34, 34, 34, 34, 34, 34, 34, 34, 34, 34, 34, 34, 34, 34, 34, 34, 34, 34, 34, 34, 34, 34, 34, 34, 34, 34, 34, 34, 34, 34, 34, 34, 34, 34, 34, 34, 34, 34, 34, 34, 34, 34, 34, 34, 34],
         "height":20,
         "id":3,
         "name":"GroundLayer",
         "opacity":1,
         "type":"tilelayer",
         "visible":true,
         "width":30,
         "x":0,
         "y":0
        }],
 "nextlayerid":4,
 "nextobjectid":1,
 "orientation":"orthogonal",
 "renderorder":"right-down",
 "tiledversion":"1.2.3",
 "tileheight":32,
 "tilesets":[
        {
         "columns":24,
         "firstgid":1,
         "image":"LPC_city_inside\/city_inside.png",
         "imageheight":512,
         "imagewidth":768,
         "margin":0,
         "name":"Assets",
         "spacing":0,
         "tilecount":384,
         "tileheight":32,
         "tilewidth":32
        }, 
        {
         "columns":16,
         "firstgid":385,
         "image":"Tilesets\/Inside_B.png",
         "imageheight":512,
         "imagewidth":512,
         "margin":0,
         "name":"Assets2",
         "spacing":0,
         "tilecount":256,
         "tileheight":32,
         "tilewidth":32
        }, 
        {
         "columns":3,
         "firstgid":641,
         "image":"Characters\/!$door.png",
         "imageheight":232,
         "imagewidth":96,
         "margin":0,
         "name":"Doors",
         "spacing":0,
         "tilecount":12,
         "tileheight":48,
         "tilewidth":32
        }],
 "tilewidth":32,
 "type":"map",
 "version":1.2,
 "width":30
}